<?xml version="1.0" encoding="UTF-8"?>
<Root version="1">
	<Application>
		<Name>${com.wowza.wms.context.Application}</Name>
		<AppType>Live</AppType>
		<Description></Description>
		<Connections>
			<AutoAccept>true</AutoAccept>
			<AllowDomains></AllowDomains>
		</Connections>
		<Streams>
			<StreamType>live</StreamType>
			<StorageDir>/home/streaming/${com.wowza.wms.context.Application}</StorageDir>
			<KeyDir>${com.wowza.wms.context.VHostConfigHome}/keys</KeyDir>
			<LiveStreamPacketizers>cupertinostreamingpacketizer, mpegdashstreamingpacketizer, sanjosestreamingpacketizer, smoothstreamingpacketizer</LiveStreamPacketizers>
			<Properties>
			</Properties>
		</Streams>
		<Transcoder>
			<LiveStreamTranscoder></LiveStreamTranscoder>
			<Templates>${SourceStreamName}.xml,transrate.xml</Templates>
			<ProfileDir>/home/streaming/${com.wowza.wms.context.Application}/transcoder/profiles</ProfileDir>
			<TemplateDir>/home/streaming/${com.wowza.wms.context.Application}/transcoder/templates</TemplateDir>
			<Properties>
			</Properties>
		</Transcoder>
		<DVR>
			<Recorders></Recorders>
			<Store></Store>
			<WindowDuration>0</WindowDuration>
			<StorageDir>${com.wowza.wms.context.VHostConfigHome}/dvr</StorageDir>
			<ArchiveStrategy>append</ArchiveStrategy>
			<Properties>
			</Properties>
		</DVR>
		<TimedText>
			<VODTimedTextProviders></VODTimedTextProviders>
			<Properties>
			</Properties>
		</TimedText>
		<HTTPStreamers>cupertinostreaming, smoothstreaming, sanjosestreaming, mpegdashstreaming</HTTPStreamers>
		<MediaCache>
			<MediaCacheSourceList></MediaCacheSourceList>
		</MediaCache>
            <HTTPStreamers>cupertinostreaming,smoothstreaming,sanjosestreaming</HTTPStreamers>
		<SharedObjects>
			<StorageDir>${com.wowza.wms.context.VHostConfigHome}/applications/${com.wowza.wms.context.Application}/sharedobjects/${com.wowza.wms.context.ApplicationInstance}</StorageDir>
		</SharedObjects>
            <Client>
                    <IdleFrequency>-1</IdleFrequency>
                    <Access>
                            <StreamReadAccess>*</StreamReadAccess>
                            <StreamWriteAccess>*</StreamWriteAccess>
                            <StreamAudioSampleAccess>*</StreamAudioSampleAccess>
                            <StreamVideoSampleAccess>*</StreamVideoSampleAccess>
                            <SharedObjectReadAccess>*</SharedObjectReadAccess>
                            <SharedObjectWriteAccess>*</SharedObjectWriteAccess>
                    </Access>
            </Client>
            <RTP>
                    <Authentication>
                            <PublishMethod>digest</PublishMethod>
                            <PlayMethod>none</PlayMethod>
                    </Authentication>
                    <AVSyncMethod>senderreport</AVSyncMethod>
                    <MaxRTCPWaitTime>12000</MaxRTCPWaitTime>
                    <IdleFrequency>75</IdleFrequency>
                    <RTSPSessionTimeout>90000</RTSPSessionTimeout>
                    <RTSPMaximumPendingWriteBytes>0</RTSPMaximumPendingWriteBytes>
                    <RTSPBindIpAddress></RTSPBindIpAddress>
                    <RTSPConnectionIpAddress>0.0.0.0</RTSPConnectionIpAddress>
                    <RTSPOriginIpAddress>127.0.0.1</RTSPOriginIpAddress>
                    <IncomingDatagramPortRanges>*</IncomingDatagramPortRanges>
                    <Properties>
                    </Properties>
            </RTP>
            <MediaCaster>
			<StreamValidator>
				<Enable>true</Enable>
				<ResetNameGroups>true</ResetNameGroups>
				<StreamStartTimeout>20000</StreamStartTimeout>
				<StreamTimeout>12000</StreamTimeout>
				<VideoStartTimeout>0</VideoStartTimeout>
				<VideoTimeout>0</VideoTimeout>
				<AudioStartTimeout>0</AudioStartTimeout>
				<AudioTimeout>0</AudioTimeout>
				<VideoTCToleranceEnable>false</VideoTCToleranceEnable>
				<VideoTCPosTolerance>3000</VideoTCPosTolerance>
				<VideoTCNegTolerance>-500</VideoTCNegTolerance>
				<AudioTCToleranceEnable>false</AudioTCToleranceEnable>
				<AudioTCPosTolerance>3000</AudioTCPosTolerance>
				<AudioTCNegTolerance>-500</AudioTCNegTolerance>
				<DataTCToleranceEnable>false</DataTCToleranceEnable>
				<DataTCPosTolerance>3000</DataTCPosTolerance>
				<DataTCNegTolerance>-500</DataTCNegTolerance>
				<AVSyncToleranceEnable>false</AVSyncToleranceEnable>
				<AVSyncTolerance>1500</AVSyncTolerance>
				<DebugLog>false</DebugLog>
			</StreamValidator>
                    <Properties>
                            <Property>
                                <Name>forceInterleaved</Name>
                                <Value>true</Value>
                                <Type>Boolean</Type>
                            </Property>
                    </Properties>
            </MediaCaster>
            <MediaReader>
                    <Properties>
                    </Properties>
            </MediaReader>
            <MediaWriter>
                    <Properties>
                    </Properties>
            </MediaWriter>
            <LiveStreamPacketizer>
                    <Properties>
                    </Properties>
            </LiveStreamPacketizer>
            <HTTPStreamer>
                    <Properties>
                        <Property>
                        <Name>cupertinoPlaylistProgramId</Name>
                        <Value>1</Value>
                        <Type>Integer</Type>
                        </Property>
                    </Properties>
            </HTTPStreamer>
		<Manager>
			<Properties>
			</Properties>
		</Manager>
            <Repeater>
                    <OriginURL></OriginURL>
                    <QueryString><![CDATA[]]></QueryString>
            </Repeater>
		<StreamRecorder>
			<Properties>
			</Properties>
		</StreamRecorder>
            <Modules>
                    <Module>
                            <Name>base</Name>
                            <Description>Base</Description>
                            <Class>com.wowza.wms.module.ModuleCore</Class>
                    </Module>
                    <Module>
                            <Name>properties</Name>
                            <Description>Properties</Description>
                            <Class>com.wowza.wms.module.ModuleProperties</Class>
                    </Module>
                    <Module>
                            <Name>logging</Name>
                            <Description>Client Logging</Description>
                            <Class>com.wowza.wms.module.ModuleClientLogging</Class>
                    </Module>
                    <Module>
                            <Name>flvplayback</Name>
                            <Description>FLVPlayback</Description>
                            <Class>com.wowza.wms.module.ModuleFLVPlayback</Class>
                    </Module>
                    <Module>
                            <Name>closestreamclients</Name>
                            <Description>CloseStreamClients</Description>
                            <Class>com.wowza.wms.module.closestreamclients.CloseStreamClients</Class>
                    </Module>
                    <Module>
                            <Name>ModuleLimitStreamViewers</Name>
                            <Description>Limit stream viewers</Description>
                            <Class>com.wowza.wms.plugin.collection.module.ModuleLimitStreamViewers</Class>
                    </Module>
                    <Module>
                            <Name>ModuleLimitPublishedStreamBandwidth</Name>
                            <Description>Module Limit to Published Stream Bandwidth</Description>
                            <Class>com.wowza.wms.plugin.collection.module.ModuleLimitPublishedStreamBandwidth</Class>
                    </Module>
                    <Module>
                            <Name>ModuleStreamNameAlias</Name>
                            <Description>ModuleStreamNameAlias</Description>
                            <Class>com.wowza.wms.plugin.streamnamealias.ModuleStreamNameAlias</Class>
                    </Module>
                    <Module>
                        <Name>ModuleGeoIp</Name>
                        <Description>Uses GeoIp lookups to control access.</Description>
                        <Class>com.wowza.wms.plugin.geoip.ModuleGeoIp</Class>
                    </Module>
            </Modules>
            <Properties>
                    <Property>
                            <Name>AllowPublish</Name>
                            <Value>1</Value>
                    </Property>
                    <Property>
                            <Name>MaxBitrate</Name>
                            <Value>BITRATE</Value>
                            <Type>Integer</Type>
                    </Property>
                    <Property>
                            <Name>StreamMonitorLogging</Name>
                            <Value>false</Value>
                            <Type>Boolean</Type>
                    </Property>
                    <Property>
                            <Name>limitStreamViewersMaxViewers</Name>
                            <Value>ESPECTADORES</Value>
                            <Type>Integer</Type>
                    </Property>
			         <Property>
			         	     <Name>securityPlayMaximumConnections</Name>
			         	     <Value>ESPECTADORES</Value>
			         	     <Type>Integer</Type>
			         </Property>
                    <!-- CC Secure Token PlaceHolder -->
                    <Property>
                            <Name>requireSecureConnection</Name>
                            <Value>false</Value>
                            <Type>Boolean</Type>
                    </Property>
                    <Property>
                            <Name>aliasMapFileStream</Name>
                            <Value>${com.wowza.wms.context.VHostConfigHome}/conf/${com.wowza.wms.context.Application}/aliasmap.stream.txt</Value>
                    </Property>
                    <Property>
                            <Name>aliasMapFilePlay</Name>
                            <Value>${com.wowza.wms.context.VHostConfigHome}/conf/${com.wowza.wms.context.Application}/aliasmap.play.txt</Value>
                    </Property>
                    <Property>
                            <Name>aliasMapPathDelimiter</Name>
                            <Value>/</Value>
                    </Property>
                    <Property>
                            <Name>aliasMapNameDelimiter</Name>
                            <Value>=</Value>
                    </Property>
                    <Property>
                            <Name>aliasMapDebug</Name>
                            <Value>true</Value>
                            <Type>Boolean</Type>
                    </Property>
                    <!-- GeoIP -->
                    <Property>
                            <Name>geoIpAllowedEncoders</Name>
                            <Value>Wirecast,FME,FMLE</Value>
                            <Type>string</Type>
                    </Property>
                    <Property>
                            <Name>geoIpAllowedIps</Name>
                            <Value>127.0.0.1,192.168.1.*,IPPAINEL</Value>
                            <Type>string</Type>
                    </Property>
                    <Property>
                            <Name>geoIpMatchAllow</Name>
                            <Value>false</Value>
                            <Type>Boolean</Type>
                    </Property>
                    <Property>
                            <Name>geoIpDebugLog</Name>
                            <Value>false</Value>
                            <Type>Boolean</Type>
                    </Property>
                    <Property>
                            <Name>geoIpCountries</Name>
                            <Value>PAISES</Value>
                            <Type>string</Type>
                    </Property>
            </Properties>
    </Application>
</Root>
